,District,Member,Party,Prior experience,Education,Assumed office,Residence,Born,Age,Surname,link,gender
0,Alabama 1,Jerry Carl,Republican,Mobile County Commission,Florida Gateway College,2021,Mobile,1958-06-17,63,Carl,/143749/jerry-carl,1
1,Alabama 2,Barry Moore,Republican,Alabama House of Representatives,Enterprise State Community College (AS)Auburn University (BS),2021,Enterprise,1966-09-26,55,Moore,/121792/barry-moore,1
2,Alabama 3,Mike Rogers,Republican,Calhoun County CommissionerAlabama House of Representatives,"Jacksonville State University (BA, MPA)Birmingham School of Law (JD)",2003,Anniston,1958-07-16,63,Rogers,/5705/mike-rogers,1
3,Alabama 4,Robert Aderholt,Republican,Haleyville Municipal Judge,University of North AlabamaBirmingham–Southern College (BA)Samford University (JD),1997,Haleyville,1965-07-22,56,Aderholt,/441/robert-aderholt,1
4,Alabama 5,Mo Brooks,Republican,Alabama House of RepresentativesMadison County Commissioner,Duke University (BA)University of Alabama (JD),2011,Huntsville,1954-04-29,67,Brooks,/121610/mo-brooks,1
5,Alabama 6,Gary Palmer,Republican,Policy analyst,University of Alabama (BS),2015,Hoover,1954-05-14,67,Palmer,/146274/gary-palmer,1
6,Alabama 7,Terri Sewell,Democratic,Attorney,"Princeton University (BA)St Hilda's College, Oxford (MA)Harvard University (JD)",2011,Birmingham,1965-01-01,56,Sewell,/121621/terri-sewell,0
7,Alaska at-large,Don Young,Republican,Ship captainMayor of Fort Yukon,"Yuba CollegeCalifornia State University, Chico (BA)",1973 (special),Fort Yukon,1933-06-09,88,Young,/26717/donald-young,1
8,Arizona 1,Tom O'Halleran,Democratic,Arizona Senate,Lewis UniversityDePaul University,2017,Sedona,1946-01-24,75,O'Halleran,/28499/tom-ohalleran,1
9,Arizona 2,Ann Kirkpatrick,Democratic,U.S. HouseArizona House of Representatives,"University of Arizona (BA, JD)",2019,Tucson,1950-03-24,71,Kirkpatrick,/28425/ann-kirkpatrick,0
10,Arizona 3,Raúl Grijalva,Democratic,Pima County Board of Supervisors,University of Arizona (BA),2003,Tucson,1948-02-19,73,Grijalva,/28253/raul-grijalva,1
11,Arizona 4,Paul Gosar,Republican,President of the Northern Arizona Dental Society,"Creighton University (BS, DDS)",2011,Prescott,1958-11-27,63,Gosar,/123491/paul-gosar,1
12,Arizona 5,Andy Biggs,Republican,Arizona Senate,"Brigham Young University (BA)University of Arizona (JD)Arizona State University, Phoenix (MA)",2017,Gilbert,1958-11-07,63,Biggs,/28088/andy-biggs,1
13,Arizona 6,David Schweikert,Republican,Arizona House of RepresentativesArizona Board of EducationArizona Board of EqualizationMaricopa County Treasurer,"Arizona State University, Tempe (BS, MBA)",2011,Fountain Hills,1962-03-03,59,Schweikert,/106387/david-schweikert,1
14,Arizona 7,Ruben Gallego,Democratic,Arizona House of Representatives,Harvard University (BA),2015,Phoenix,1979-11-20,42,Gallego,/123732/ruben-gallego,1
15,Arizona 8,Debbie Lesko,Republican,Arizona House of RepresentativesArizona SenatePresident Pro Tempore of Arizona Senate,University of Wisconsin–Madison (BA),2018 (special),Peoria,1958-11-14,63,Lesko,/106483/debbie-lesko,0
16,Arizona 9,Greg Stanton,Democratic,Mayor of Phoenix,Marquette University (BA)University of Michigan (JD),2019,Phoenix,1970-03-08,51,Stanton,/72030/greg-stanton,1
17,Arkansas 1,Rick Crawford,Republican,BroadcasterBusinessman,Arkansas State University (BS),2011,Jonesboro,1966-01-22,55,Crawford,/119208/rick-crawford,1
18,Arkansas 2,French Hill,Republican,Businessman,Vanderbilt University (BS),2015,Little Rock,1956-12-05,65,Hill,/146290/french-hill,1
19,Arkansas 3,Steve Womack,Republican,Mayor of Rogers,Arkansas Tech University (BA),2011,Rogers,1957-02-18,64,Womack,/71815/steve-womack,1
20,Arkansas 4,Bruce Westerman,Republican,Arkansas House of Representatives,University of Arkansas (BS)Yale University (MS),2015,Hot Springs,1967-11-18,54,Westerman,/119120/bruce-westerman,1
21,California 1,Doug LaMalfa,Republican,California State SenateCalifornia State Assembly,Butte CollegeCalifornia Polytechnic State University (BS),2013,Oroville,1960-07-02,61,LaMalfa,/29713/doug-lamalfa,1
22,California 2,Jared Huffman,Democratic,California State Assembly,"University of California, Santa Barbara (BA)Boston College (JD)",2013,San Rafael,1964-02-18,57,Huffman,/59849/jared-huffman,1
23,California 3,John Garamendi,Democratic,United States Deputy Secretary of the InteriorLieutenant Governor of CaliforniaCalifornia Insurance CommissionerCalifornia State SenateCalifornia State Assembly,"University of California, Berkeley (BA)Harvard University (MBA)",2009 (special),Walnut Grove,1945-01-24,76,Garamendi,/29664/john-garamendi,1
24,California 4,Tom McClintock,Republican,California SenateCalifornia State Assembly,"University of California, Los Angeles (BA)",2009,Elk Grove,1956-07-10,65,McClintock,/9715/tom-mcclintock,1
25,California 5,Mike Thompson,Democratic,California State Senate,"Napa Valley CollegeCalifornia State University, Chico (BA, MPA)",1999,St. Helena,1951-01-24,70,Thompson,/3564/mike-thompson,1
26,California 6,Doris Matsui,Democratic,Sacramento City Council,"University of California, Berkeley (BA)",2005 (special),Sacramento,1944-09-25,77,Matsui,/28593/doris-matsui,0
27,California 7,Ami Bera,Democratic,Chief Medical Officer of Sacramento County,"University of California, Irvine (BS, MD)",2013,Elk Grove,1965-03-02,56,Bera,/120030/ami-bera,1
28,California 8,Jay Obernolte,Republican,California State AssemblyVideo game developer,"California Institute of Technology (BS) University of California, Los Angeles (MS)",2021,Big Bear Lake,1970-08-18,51,Obernolte,/151831/jay-obernolte,1
29,California 9,Jerry McNerney,Democratic,Engineering executive,"United States Military AcademyUniversity of New Mexico (BS, MS, PhD)",2007,Stockton,1951-06-18,70,McNerney,/29474/jerry-mcnerney,1
30,California 10,Josh Harder,Democratic,Venture capitalistProfessor,"Stanford University (BA)Harvard University (MBA, MPP)",2019,Turlock,1986-08-01,35,Harder,/179326/josh-harder,1
31,California 11,Mark DeSaulnier,Democratic,California State SenateCalifornia State AssemblyContra Costa County Board of Supervisors,College of the Holy Cross (BA),2015,Concord,1952-03-31,69,DeSaulnier,/69477/mark-desaulnier,1
32,California 12,Nancy Pelosi,Democratic,California Democratic Party Chair,Trinity Washington University (BA),1987 (special),San Francisco,1940-03-26,81,Pelosi,/26732/nancy-pelosi,0
33,California 13,Barbara Lee,Democratic,California State Assembly,"Mills College (BA)University of California, Berkeley (MSW)",1998 (special),Oakland,1946-07-16,75,Lee,/8315/barbara-lee,0
34,California 14,Jackie Speier,Democratic,California State SenateCalifornia State AssemblySan Mateo County Board of Supervisors,"University of California, Davis (BA)University of California, Hastings (JD)",2008 (special),Hillsborough,1950-05-14,71,Speier,/8425/jackie-speier,0
35,California 15,Eric Swalwell,Democratic,Dublin City Council,"Campbell UniversityUniversity of Maryland, College Park (BA)University of Maryland, Baltimore (JD)",2013,Dublin,1980-11-16,41,Swalwell,/129529/eric-swalwell,1
36,California 16,Jim Costa,Democratic,California State SenateCalifornia State Assembly,"California State University, Fresno (BA)",2005,Fresno,1952-04-13,69,Costa,/3577/jim-costa,1
37,California 17,Ro Khanna,Democratic,AttorneyAuthorEducator,University of Chicago (BA)Yale University (JD),2017,Fremont,1976-09-13,45,Khanna,/29473/ro-khanna,1
38,California 18,Anna Eshoo,Democratic,San Mateo County Board of Supervisors,Cañada College,1993,Atherton,1942-12-13,79,Eshoo,/26741/anna-eshoo,0
39,California 19,Zoe Lofgren,Democratic,Santa Clara County Board of Supervisors,Stanford University (BA)Santa Clara University(JD),1995,San Jose,1947-12-21,74,Lofgren,/21899/zoe-lofgren,0
40,California 20,Jimmy Panetta,Democratic,Deputy district attorney of Monterey County,"Monterey Peninsula CollegeUniversity of California, Davis (BA)Santa Clara University(JD)",2017,Carmel Valley,1969-10-01,52,Panetta,/169078/jimmy-panetta,1
41,California 21,David Valadao,Republican,U.S. HouseCalifornia State AssemblyFarmer,College of the Sequoias,2021,Hanford,1977-04-14,44,Valadao,/120200/david-valadao,1
42,California 22,Devin Nunes,Republican,California State Director for the United States Department of Agriculture's Rural Development Section,"College of the Sequoias  California Polytechnic State University (BS, MS)",2003,Tulare,1973-10-01,48,Nunes,/16725/devin-nunes,1
43,California 23,Kevin McCarthy,Republican,California State Assembly,"California State University, Bakersfield (BS, MBA)",2007,Bakersfield,1965-01-26,56,McCarthy,/28918/kevin-mccarthy,1
44,California 24,Salud Carbajal,Democratic,Santa Barbara County Board of Supervisors,"University of California, Santa Barbara (BA)Fielding Graduate University (MA)",2017,Santa Barbara,1964-11-18,57,Carbajal,/81569/salud-carbajal,1
45,California 25,Mike Garcia,Republican,BusinessmanUnited States Navy,United States Naval Academy (BS)Georgetown University (MA),2020 (special),Santa Clarita,1976-04-24,45,Garcia,/188664/mike-garcia,1
46,California 26,Julia Brownley,Democratic,California State Assembly,George Washington University (BA)American University (MBA),2013,Westlake Village,1952-08-28,69,Brownley,/59904/julia-brownley,0
47,California 27,Judy Chu,Democratic,Mayor of Monterey ParkMonterey Park City CouncilCalifornia State AssemblyCalifornia State Board of Equalization,"University of California, Los Angeles (BA)Alliant International University (MA, PhD)",2009 (special),Monterey Park,1953-07-07,68,Chu,/16539/judy-chu,0
48,California 28,Adam Schiff,Democratic,California State SenateAssistant Prosecutor for theUnited States Attorney for the Southern District of California,Stanford University (BA)Harvard University (JD),2001,Burbank,1960-06-22,61,Schiff,/9489/adam-schiff,1
49,California 29,Tony Cárdenas,Democratic,Los Angeles City Council,"University of California, Santa Barbara (BS)",2013,Pacoima,1963-03-31,58,Cárdenas,/9754/tony-cardenas,1
50,California 30,Brad Sherman,Democratic,California Board of Equalization,"University of California, Los Angeles (BA)Harvard University (JD)",1997,Sherman Oaks,1954-10-24,67,Sherman,/142/brad-sherman,1
51,California 31,Pete Aguilar,Democratic,Mayor of Redlands,University of Redlands (BS),2015,Redlands,1979-06-19,42,Aguilar,/70114/pete-aguilar,1
52,California 32,Grace Napolitano,Democratic,California State Assembly,Cerritos CollegeTexas Southmost College,1999,Norwalk,1936-12-04,85,Napolitano,/8393/grace-napolitano,0
53,California 33,Ted Lieu,Democratic,California State SenateCalifornia State Assembly,"Stanford University (BA, BS)Georgetown University (JD)",2015,Torrance,1969-03-29,52,Lieu,/1516/ted-lieu,1
54,California 34,Jimmy Gomez,Democratic,California State Assembly,"University of California, Los Angeles (BA)Harvard University (MPP)",2017 (special),Los Angeles,1974-11-25,47,Gomez,/138524/jimmy-gomez,1
55,California 35,Norma Torres,Democratic,California State SenateCalifornia State AssemblyMayor of Pomona,National Labor College (BA),2015,Pomona,1965-04-04,56,Torres,/71284/norma-torres,0
56,California 36,Raul Ruiz,Democratic,Emergency physician,"University of California, Los Angeles (BS)Harvard University (MD, MPP, MPH)",2013,Coachella,1972-08-25,49,Ruiz,/136407/raul-ruiz,1
57,California 37,Karen Bass,Democratic,Speaker of the California State Assembly,"San Diego State UniversityCalifornia State University, Dominguez Hills (BS)",2011,Los Angeles,1953-10-03,68,Bass,/28963/karen-bass,0
58,California 38,Linda Sánchez,Democratic,Attorney,"University of California, Berkeley (BA)University of California, Los Angeles (JD)",2003,Whittier,1969-01-28,52,Sánchez,/29674/linda-sanchez,0
59,California 39,Young Kim,Republican,California State Assembly,University of Southern California (BBA),2021,La Habra,1962-10-18,59,Kim,/151787/young-kim,0
60,California 40,Lucille Roybal-Allard,Democratic,Public relations executive,"California State University, Los Angeles (BA)",1993,Downey,1941-06-12,80,Roybal-Allard,/26766/lucille-roybal-allard,0
61,California 41,Mark Takano,Democratic,Teacher,"Harvard University (BA)University of California, Riverside (MFA)",2013,Riverside,1960-12-10,61,Takano,/22337/mark-takano,1
62,California 42,Ken Calvert,Republican,Real estate executive,Chaffey CollegeSan Diego State University (BA),1993,Corona,1953-06-08,68,Calvert,/26777/ken-calvert,1
63,California 43,Maxine Waters,Democratic,California State Assembly,"California State University, Los Angeles (BA)",1991,Los Angeles,1938-08-15,83,Waters,/26759/maxine-waters,0
64,California 44,Nanette Barragán,Democratic,Hermosa Beach City Council,"University of California, Los Angeles (BA)University of Southern California (JD)",2017,San Pedro,1976-09-15,45,Barragán,/166270/nanette-barragan,0
65,California 45,Katie Porter,Democratic,AttorneyProfessor,Yale University (BA)Harvard University (JD),2019,Irvine,1974-01-03,47,Porter,/179393/katie-porter,0
66,California 46,Lou Correa,Democratic,California State SenateOrange County Board of SupervisorsCalifornia State Assembly,"California State University, Fullerton (BA)University of California, Los Angeles (JD, MBA)",2017,Santa Ana,1958-01-24,63,Correa,/9732/lou-correa,1
67,California 47,Alan Lowenthal,Democratic,California State SenateCalifornia State Assembly,"Hobart College (BA)Ohio State University (MA, PhD)",2013,Long Beach,1941-03-08,80,Lowenthal,/16469/alan-lowenthal,1
68,California 48,Michelle Steel,Republican,Orange County Board of SupervisorsCalifornia State Board of Equalization,Pepperdine University (BA)University of Southern California (MBA),2021,Surfside,1955-06-21,66,Steel,/157194/michelle-steel,0
69,California 49,Mike Levin,Democratic,Environmental activist,Stanford University (BA)Duke University (JD),2019,San Juan Capistrano,1978-10-20,43,Levin,/179416/mike-levin,1
70,California 50,Darrell Issa,Republican,BusinessmanU.S. House,Siena Heights University (BA),2021,San Diego,1953-11-01,68,Issa,/16553/darrell-issa,1
71,California 51,Juan Vargas,Democratic,California State SenateCalifornia State AssemblySan Diego City Council,University of San Diego (BA)Fordham University (MA)Harvard University (JD),2013,San Diego,1961-03-07,60,Vargas,/29100/juan-vargas,1
72,California 52,Scott Peters,Democratic,San Diego City CouncilSan Diego Port Commission,Duke University (BA)New York University (JD),2013,San Diego,1958-06-17,63,Peters,/70351/scott-peters,1
73,California 53,Sara Jacobs,Democratic,Nonprofit founderPolicy advisor,"Columbia University (BA, MIA)",2021,San Diego,1989-02-01,32,Jacobs,/179414/sara-jacobs,0
74,Colorado 1,Diana DeGette,Democratic,Colorado House of Representatives,Colorado College (BA)New York University (JD),1997,Denver,1957-07-29,64,DeGette,/561/diana-degette,0
75,Colorado 2,Joe Neguse,Democratic,Executive Director of the Colorado Department of Regulatory AgenciesRegents of the University of Colorado,"University of Colorado, Boulder (BA, JD)",2019,Lafayette,1984-05-13,37,Neguse,/151075/joe-neguse,1
76,Colorado 3,Lauren Boebert,Republican,BusinesswomanRestauranteur,–,2021,Silt,1986-12-15,35,Boebert,/191290/lauren-boebert,0
77,Colorado 4,Ken Buck,Republican,Weld County District Attorney,Princeton University (BA)University of Wyoming (JD),2015,Windsor,1959-02-16,62,Buck,/125319/ken-buck,1
78,Colorado 5,Doug Lamborn,Republican,President Pro Tempore of the Colorado SenateColorado House of Representatives,"University of Kansas (BS, JD)",2007,Colorado Springs,1954-05-24,67,Lamborn,/2698/doug-lamborn,1
79,Colorado 6,Jason Crow,Democratic,AttorneyU.S. Army Captain,"University of Wisconsin, Madison (BA)University of Denver (JD)",2019,Aurora,1979-03-15,42,Crow,/180218/jason-crow,1
80,Colorado 7,Ed Perlmutter,Democratic,Colorado Senate,"University of Colorado Boulder (BA, JD)",2007,Arvada,1953-05-01,68,Perlmutter,/2653/ed-perlmutter,1
81,Connecticut 1,John B. Larson,Democratic,Connecticut SenateEast Hartford City CouncilEast Hartford Board of Education,Central Connecticut State University (BA),1999,East Hartford,1948-07-22,73,Larson,/17188/john-larson,1
82,Connecticut 2,Joe Courtney,Democratic,Connecticut House of Representatives,Tufts University (BA)University of Connecticut (JD),2007,Vernon,1953-04-06,68,Courtney,/30333/joe-courtney,1
83,Connecticut 3,Rosa DeLauro,Democratic,Executive Director of EMILY's ListPolitical aide,"Marymount College, Tarrytown (BA)London School of Economics(MA)Columbia University (MA)",1991,New Haven,1943-03-02,78,DeLauro,/26788/rosa-delauro,0
84,Connecticut 4,Jim Himes,Democratic,Financial executiveGreenwich Housing Authority Board,"Harvard University (BA)St Edmund Hall, Oxford (MPhil)",2009,Cos Cob,1966-07-05,55,Himes,/106744/jim-himes,1
85,Connecticut 5,Jahana Hayes,Democratic,Teacher,Naugatuck Valley Community CollegeSouthern Connecticut State University (BA)University of Saint Joseph (MA)University of Bridgeport (SYC),2019,Wolcott,1973-03-08,48,Hayes,/181744/jahana-hayes,0
86,Delaware at-large,Lisa Blunt Rochester,Democratic,Delaware Health and Social Services SecretaryDelaware Labor SecretaryDelaware Personnel Director,Fairleigh Dickinson University(BA)University of Delaware (MA),2017,Wilmington,1962-02-10,59,Rochester,/173249/lisa-blunt-rochester,1
87,Florida 1,Matt Gaetz,Republican,Florida House of Representatives,Florida State University (BS)College of William & Mary (JD),2017,Fort Walton Beach,1982-05-07,39,Gaetz,/117101/matt-gaetz,1
88,Florida 2,Neal Dunn,Republican,Surgeon,Washington and Lee University (BS)George Washington University (MD),2017,Panama City,1953-02-16,68,Dunn,/166297/neal-dunn,1
89,Florida 3,Kat Cammack,Republican,Political advisor,Metropolitan State University of Denver (BA)Naval War College (MS),2021,Gainesville,1988-02-16,33,Cammack,/191306/kat-cammack,0
90,Florida 4,John Rutherford,Republican,Sheriff of Duval County,Florida State CollegeFlorida State University (BS),2017,Jacksonville,1952-09-02,69,Rutherford,/172542/john-rutherford,1
91,Florida 5,Al Lawson,Democratic,Florida Senate,Florida A&M University (BA)Florida State University (MPA),2017,Tallahassee,1948-09-23,73,Lawson,/24263/al-lawson-jr,1
92,Florida 6,Michael Waltz,Republican,U.S. ArmyIntelligence analyst,Virginia Military Institute (BS),2019,St. Augustine Beach,1974-01-31,47,Waltz,/182261/michael-waltz,1
93,Florida 7,Stephanie Murphy,Democratic,AdvisorEducator,College of William & Mary (BA)Georgetown University (MS),2017,Winter Park,1978-09-16,43,Murphy,/173426/stephanie-murphy,0
94,Florida 8,Bill Posey,Republican,Florida SenateFlorida House of RepresentativesRockledge City Council,Eastern Florida State College,2009,Rockledge,1947-12-18,74,Posey,/24280/bill-posey,1
95,Florida 9,Darren Soto,Democratic,Florida SenateFlorida House of Representatives,Rutgers University–New Brunswick (BA)George Washington University (JD),2017,Kissimmee,1978-02-25,43,Soto,/67618/darren-soto,1
96,Florida 10,Val Demings,Democratic,Chief of the Orlando Police Department,Florida State University (BS),2017,Orlando,1957-03-12,64,Demings,/137637/val-demings,0
97,Florida 11,Daniel Webster,Republican,Florida SenateSpeaker of Florida House of Representatives,Georgia Institute of Technology (BS),2011,Clermont,1949-04-27,72,Webster,/24302/daniel-webster,1
98,Florida 12,Gus Bilirakis,Republican,Florida House of Representatives,St. Petersburg CollegeUniversity of Florida (BA)Stetson University (JD),2007,Palm Harbor,1963-02-08,58,Bilirakis,/17318/gus-bilirakis,1
99,Florida 13,Charlie Crist,Democratic,Governor of FloridaAttorney General of FloridaEducation Commissioner of FloridaFlorida Senate,Wake Forest UniversityFlorida State University (BA)Samford University (JD),2017,St. Petersburg,1956-07-24,65,Crist,/24311/charlie-crist-jr,1
100,Florida 14,Kathy Castor,Democratic,Assistant General Counsel to the Florida Department of Community AffairsPresident of the Florida Association of Women LawyersHillsborough County Board of Commissioners,Emory University (BA)Florida State University (JD),2007,Tampa,1966-08-20,55,Castor,/53825/kathy-castor,0
101,Florida 15,Scott Franklin,Republican,Lakeland City Commission,United States Naval Academy (BA)Embry–Riddle Aeronautical University (MBA),2021,Lakeland,1964-08-23,57,Franklin,/191355/scott-franklin,1
102,Florida 16,Vern Buchanan,Republican,Auto dealer,Cleary University (BA)University of Detroit Mercy (MBA),2007,Sarasota,1951-05-08,70,Buchanan,/66247/vern-buchanan,1
103,Florida 17,Greg Steube,Republican,Florida SenateFlorida House of Representatives,"University of Florida (BS, JD)",2019,Sarasota,1978-05-19,43,Steube,/117248/greg-steube,1
104,Florida 18,Brian Mast,Republican,U.S. Army Soldier,Palm Beach Atlantic UniversityAmerican Military UniversityHarvard University (BLA),2017,Palm City,1980-07-10,41,Mast,/166245/brian-mast,1
105,Florida 19,Byron Donalds,Republican,Florida House of Representatives,Florida State University (BS),2021,Naples,1978-10-26,43,Donalds,/137655/byron-donalds,1
106,Florida 20,Alcee Hastings,Democratic,Judge of the United States District Court for the Southern District of Florida,Howard UniversityFisk University (BA)Florida A&M University (JD),1993,Delray Beach,1936-09-05,85,Hastings,/26798/alcee-hastings-sr,1
107,Florida 21,Lois Frankel,Democratic,Mayor of West Palm BeachFlorida House of Representatives,Boston University (BA)Georgetown University (JD),2013,West Palm Beach,1948-05-16,73,Frankel,/8102/lois-frankel,0
108,Florida 22,Ted Deutch,Democratic,Florida Senate,"University of Michigan (BA, JD)",2010 (special),Boca Raton,1966-05-07,55,Deutch,/67151/ted-deutch,1
109,Florida 23,Debbie Wasserman Schultz,Democratic,Florida SenateFlorida House of RepresentativesDemocratic National Committee Chair,"University of Florida (BA, MA)",2005,Weston,1966-09-27,55,Schultz,/24301/debbie-wasserman-schultz,1
110,Florida 24,Frederica Wilson,Democratic,Florida SenateFlorida House of RepresentativesMiami-Dade County Public Schools Board,Fisk University (BA)University of Miami (MA),2011,Miami Gardens,1942-11-05,79,Wilson,/17319/frederica-wilson,0
111,Florida 25,Mario Díaz-Balart,Republican,Florida SenateFlorida House of Representatives,University of South Florida (BA),2003,Miami,1961-09-25,60,Díaz-Balart,/24312/mario-diaz-balart,1
112,Florida 26,Carlos Giménez,Republican,Mayor of Miami-Dade CountyMiami-Dade County Commission,Barry University (BPA),2021,Miami,1954-01-17,67,Giménez,/81366/carlos-gimenez,1
113,Florida 27,Maria Elvira Salazar,Republican,News anchor  Journalist,Miami Dade CollegeUniversity of Miami (BA)Harvard University (MPA),2021,Miami,1961-11-01,60,Salazar,/182300/maria-salazar,0
114,Georgia 1,Buddy Carter,Republican,Georgia SenateGeorgia House of RepresentativesMayor of Pooler,Young Harris CollegeUniversity of Georgia (BS),2015,Pooler,1957-09-06,64,Carter,/32085/buddy-carter,1
115,Georgia 2,Sanford Bishop,Democratic,Georgia SenateGeorgia House of Representatives,Morehouse College (BA)Emory University (JD),1993,Albany,1947-02-04,74,Bishop,/26817/sanford-bishop-jr,1
116,Georgia 3,Drew Ferguson,Republican,Mayor of West Point,University of Georgia (BS)Augusta University (DMD),2017,West Point,1966-11-15,55,Ferguson,/168132/drew-ferguson,1
117,Georgia 4,Hank Johnson,Democratic,DeKalb County CommissionerAssociate Magistrate Judge,Clark Atlanta University (BA)Texas Southern University (JD),2007,Lithonia,1954-10-02,67,Johnson,/68070/hank-johnson-jr,1
118,Georgia 5,Nikema Williams,Democratic,Georgia Senate Chair of the Georgia Democratic Party,Talladega College (BA),2021,Atlanta,1978-07-30,43,Williams,/176751/nikema-williams,0
119,Georgia 6,Lucy McBath,Democratic,Activist,Virginia State University (BA),2019,Marietta,1960-06-01,61,McBath,/178538/lucy-mcbath,0
120,Georgia 7,Carolyn Bourdeaux,Democratic,Professor,Yale University (BA)University of Southern California (MPA)Syracuse University (DPA),2021,Suwanee,1970-06-03,51,Bourdeaux,/178540/carolyn-bourdeaux,0
121,Georgia 8,Austin Scott,Republican,Georgia House of Representatives,University of Georgia (BA),2011,Tifton,1969-12-10,52,Scott,/11812/austin-scott,1
122,Georgia 9,Andrew Clyde,Republican,U.S. Navy Commander,University of Notre Dame (BA)Bethel University (BBA)University of Georgia (MBA),2021,Athens,1963-11-22,58,Clyde,/189770/andrew-clyde,1
123,Georgia 10,Jody Hice,Republican,Radio show hostSouthern Baptist pastor,Asbury University (BA)Southwestern Baptist Theological Seminary (MDiv)Luther Rice College and Seminary (DMin),2015,Greensboro,1960-04-22,61,Hice,/122246/jody-hice,1
124,Georgia 11,Barry Loudermilk,Republican,Georgia State SenateGeorgia House of Representatives,Air UniversityWayland Baptist University (BS),2015,Cassville,1963-12-22,58,Loudermilk,/31618/barry-loudermilk,1
125,Georgia 12,Rick W. Allen,Republican,Businessman,Auburn University (BS),2015,Augusta,1951-11-07,70,Allen,/136062/rick-allen,1
126,Georgia 13,David Scott,Democratic,Georgia State SenateGeorgia House of Representatives,Florida A&M University (BA)University of Pennsylvania (MBA),2003,Atlanta,1945-06-27,76,Scott,/7826/david-scott,1
127,Georgia 14,Marjorie Taylor Greene,Republican,Businesswoman  Activist,University of Georgia (BBA),2021,Rome,1974-08-27,47,Greene,/189785/marjorie-taylor-greene,0
128,Hawaii 1,Ed Case,Democratic,U.S. HouseHawaii House of Representatives,"Williams College (BA)University of California, Hastings (JD)",2019,Kaneohe,1952-09-27,69,Case,/3422/edward-case,1
129,Hawaii 2,Kai Kahele,Democratic,Hawaii Senate,University of Hawai'i at Mānoa (BA),2021,Hilo,1974-03-28,47,Kahele,/167669/kaialii-kahele,1
130,Idaho 1,Russ Fulcher,Republican,Idaho Senate,"Boise State University (BA, MBA)",2019,Meridian,1962-03-09,59,Fulcher,/33091/russ-fulcher,1
131,Idaho 2,Mike Simpson,Republican,Idaho House of RepresentativesBlackfoot City Council,Utah State University (BS)Washington University in St. Louis (DMD),1999,Idaho Falls,1950-09-08,71,Simpson,/2917/mike-simpson,1
132,Illinois 1,Bobby Rush,Democratic,Chicago City Council,Roosevelt University (BGS)University of Illinois at Chicago (MA)McCormick Theological Seminary (MA),1993,Chicago,1946-11-23,75,Rush,/26831/bobby-rush,1
133,Illinois 2,Robin Kelly,Democratic,Illinois House of RepresentativesChief of Staff to the Illinois TreasurerChief Administrative Officer to the Cook County President,"Bradley University (BA, MA)Northern Illinois University (PhD)",2013 (special),Matteson,1956-04-30,65,Kelly,/33384/robin-kelly,0
134,Illinois 3,Marie Newman,Democratic,Businesswoman  Activist,University of Wisconsin–Madison (BA),2021,La Grange,1964-04-13,57,Newman,/177075/marie-newman,0
135,Illinois 4,"Jesús ""Chuy"" García",Democratic,Cook County Board of CommissionersIllinois SenateChicago City Council,"University of Illinois, Chicago (BA, MUP)",2019,Chicago,1956-04-12,65,García,/6261/jesus-garcia,1
136,Illinois 5,Mike Quigley,Democratic,Cook County Board of Commissioners,Roosevelt University (BA)University of Chicago (MPP)Loyola University Chicago (JD),2009 (special),Chicago,1958-10-17,63,Quigley,/83310/mike-quigley,1
137,Illinois 6,Sean Casten,Democratic,Entrepreneur,"Middlebury College (BA)Dartmouth College (MSEM, MS)",2019,Downers Grove,1971-11-23,50,Casten,/176982/sean-casten,1
138,Illinois 7,Danny K. Davis,Democratic,Chicago City CouncilCook County Board of Commissioners,University of Arkansas at Pine Bluff (BA)Chicago State University (MS)Union Institute & University (PhD),1997,Chicago,1941-09-06,80,Davis,/233/danny-davis,1
139,Illinois 8,Raja Krishnamoorthi,Democratic,Public servantAttorney,Princeton University (BS)Harvard University (JD),2017,Schaumburg,1973-07-19,48,Krishnamoorthi,/117519/raja-krishnamoorthi,1
140,Illinois 9,Jan Schakowsky,Democratic,Illinois House of Representatives,University of Illinois at Urbana–Champaign (BS),1999,Evanston,1944-05-26,77,Schakowsky,/6387/jan-schakowsky,0
141,Illinois 10,Brad Schneider,Democratic,U.S. HouseManagement consultant,"Northwestern University (BS, MBA)",2017,Deerfield,1961-08-20,60,Schneider,/134948/brad-schneider,1
142,Illinois 11,Bill Foster,Democratic,U.S. HouseResearch physicistBusinessman,"University of Wisconsin–Madison (BS)Harvard University (MS, PhD)",2013,Naperville,1955-10-07,66,Foster,/101632/bill-foster,1
143,Illinois 12,Mike Bost,Republican,Illinois House of RepresentativesFirefighter,–,2015,Murphysboro,1960-12-30,61,Bost,/6302/mike-bost,1
144,Illinois 13,Rodney Davis,Republican,Congressional staffer,Millikin University (BA),2013,Taylorville,1970-01-05,51,Davis,/9622/rodney-davis,1
145,Illinois 14,Lauren Underwood,Democratic,Registered nurse,"University of Michigan (BSN)Johns Hopkins University (MSN, MPH)",2019,Naperville,1986-10-04,35,Underwood,/177001/lauren-underwood,0
146,Illinois 15,Mary Miller,Republican,Farmer,"Eastern Illinois University (BA, BS)",2021,Oakland,1959-08-27,62,Miller,/187988/mary-miller,0
147,Illinois 16,Adam Kinzinger,Republican,McLean County Board of CommissionersAir Force pilot,Illinois State University (BA),2011,Channahon,1978-02-27,43,Kinzinger,/116559/adam-kinzinger,1
148,Illinois 17,Cheri Bustos,Democratic,East Moline City CouncilHealthcare executiveJournalist,"University of Maryland, College Park (BA)University of Illinois, Springfield (MA)",2013,Moline,1961-10-17,60,Bustos,/134964/cheri-bustos,0
149,Illinois 18,Darin LaHood,Republican,Illinois SenateProsecutor U.S. Attorney's OfficeDeputy Prosecutor Tazewell County,"Loras College (BA)John Marshall Law School, Chicago (JD)",2015 (special),Peoria,1968-07-05,53,LaHood,/128760/darin-lahood,1
150,Indiana 1,Frank J. Mrvan,Democratic,North Township Trustee,Ball State University (BS),2021,Highland,1969-04-16,52,Mrvan,/113775/frank-mrvan,1
151,Indiana 2,Jackie Walorski,Republican,Indiana House of Representatives,Liberty UniversityTaylor University (BA),2013,Elkhart,1963-08-17,58,Walorski,/34205/jackie-walorski,0
152,Indiana 3,Jim Banks,Republican,Indiana Senate,Indiana University Bloomington (BA)Grace College & Seminary (MBA),2017,Columbia City,1979-07-16,42,Banks,/116801/jim-banks,1
153,Indiana 4,Jim Baird,Republican,Indiana House of RepresentativesPutnam County Commission,"Purdue University, West Lafayette (BS, MS)University of Kentucky (PhD)",2019,Greencastle,1945-06-04,76,Baird,/86013/jim-baird,1
154,Indiana 5,Victoria Spartz,Republican,Indiana Senate,"Kyiv National Economic University (BS, MBA)Indiana University, Indianapolis (MAcc)",2021,Noblesville,1978-10-06,43,Spartz,/178203/victoria-spartz,0
155,Indiana 6,Greg Pence,Republican,Businessman,"Loyola University Chicago (BA, MBA)",2019,Columbus,1956-11-14,65,Pence,/177876/greg-pence,1
156,Indiana 7,André Carson,Democratic,Indianapolis City-County Council,Concordia University Wisconsin (BA)Indiana Wesleyan University (MS),2008 (special),Indianapolis,1974-10-16,47,Carson,/84917/andre-carson,1
157,Indiana 8,Larry Bucshon,Republican,Heart surgeon,University of Illinois at Urbana–Champaign (BS)University of Illinois at Chicago (MD),2011,Evansville,1962-05-31,59,Bucshon,/120335/larry-bucshon,1
158,Indiana 9,Trey Hollingsworth,Republican,CEO of Hollingsworth Capital Partners,University of Pennsylvania (BS)Georgetown University (MPP),2017,Jeffersonville,1983-09-12,38,Hollingsworth,/167423/trey-hollingsworth-iii,1
159,Iowa 1,Ashley Hinson,Republican,Iowa House of RepresentativesNews anchor,University of Southern California (BA),2021,Marion,1983-06-27,38,Hinson,/168783/ashley-hinson,0
160,Iowa 2,Mariannette Miller-Meeks,Republican,Iowa SenatePhysicianU.S. Army Lieutenant Colonel,"Texas Christian University (BS)University of Southern California (MS)University of Texas, San Antonio (MD)",2021,Ottumwa,1955-09-06,66,Miller-Meeks,/103294/mariannette-miller-meeks,0
161,Iowa 3,Cindy Axne,Democratic,Businesswoman,University of Iowa (BA)Northwestern University (MBA),2019,West Des Moines,1965-04-20,56,Axne,/179226/cindy-axne,0
162,Iowa 4,Randy Feenstra,Republican,Iowa Senate  Sioux County Treasurer,Dordt University (BA)Iowa State University (MPA),2021,Hull,1969-01-14,52,Feenstra,/103301/randy-feenstra,1
163,Kansas 1,Tracey Mann,Republican,Lieutenant Governor of Kansas  Real estate agent  Businessman,Kansas State University (BS),2021,Salina,1976-12-17,45,Mann,/125007/tracey-mann,1
164,Kansas 2,Jake LaTurner,Republican,Kansas State Treasurer  Kansas Senate,Pittsburg State University (BA),2021,Topeka,1988-02-17,33,LaTurner,/107024/jacob-laturner,1
165,Kansas 3,Sharice Davids,Democratic,AttorneyMixed martial artist,Haskell Indian Nations UniversityUniversity of KansasJohnson County Community CollegeUniversity of Missouri–Kansas City (BA)Cornell University (JD),2019,Roeland Park,1980-05-22,41,Davids,/181201/sharice-davids,0
166,Kansas 4,Ron Estes,Republican,Kansas State Treasurer,"Tennessee Technological University (BS, MBA)",2017 (special),Wichita,1956-07-19,65,Estes,/125031/ron-estes,1
167,Kentucky 1,James Comer,Republican,Kentucky House of RepresentativesAgriculture Commissioner of Kentucky,Western Kentucky University (BS),2016 (special),Tompkinsville,1972-08-19,49,Comer,/35169/james-comer-jr,1
168,Kentucky 2,Brett Guthrie,Republican,Kentucky Senate,United States Military Academy (BS)Yale University (MBA),2009,Bowling Green,1964-02-18,57,Guthrie,/18829/brett-guthrie,1
169,Kentucky 3,John Yarmuth,Democratic,"Newspaper publisherVice-President for University Relations, University of Louisville",Yale University (BA)Georgetown University,2007,Louisville,1947-11-04,74,Yarmuth,/58579/john-yarmuth,1
170,Kentucky 4,Thomas Massie,Republican,Judge-Executive of Lewis County,"Massachusetts Institute of Technology (BS, MS)",2012 (special),Garrison,1971-01-13,50,Massie,/132068/thomas-massie,1
171,Kentucky 5,Hal Rogers,Republican,Commonwealth's Attorney for Pulaski County and Rockcastle County,Western Kentucky University (BA)University of Kentucky (LLB),1981,Somerset,1937-12-31,84,Rogers,/26875/hal-rogers,1
172,Kentucky 6,Andy Barr,Republican,Attorney,University of Virginia (BA)University of Kentucky (JD),2013,Lexington,1973-07-24,48,Barr,/117290/andy-barr,1
173,Louisiana 1,Steve Scalise,Republican,Louisiana State SenateLouisiana House of Representatives,Louisiana State University (BS),2008 (special),Jefferson,1965-10-06,56,Scalise,/9026/steve-scalise,1
174,Louisiana 3,Clay Higgins,Republican,Reserve Deputy Marshal of Lafayette,Louisiana State University,2017,Lafayette,1961-08-24,60,Higgins,/174484/clay-higgins,1
175,Louisiana 4,Mike Johnson,Republican,Louisiana House of Representatives,"Louisiana State University (BA, JD)",2017,Benton,1972-01-30,49,Johnson,/156097/mike-johnson,1
176,Louisiana 6,Garret Graves,Republican,Louisiana Coastal Protection and Restoration Authority,University of AlabamaLouisiana Tech UniversityAmerican University,2015,Baton Rouge,1972-01-31,49,Graves,/155424/garret-graves,1
177,Maine 1,Chellie Pingree,Democratic,"Maine State Senate  President, Common Cause",University of Southern Maine  College of the Atlantic (BS),2009,North Haven,1955-04-02,66,Pingree,/6586/chellie-pingree,0
178,Maine 2,Jared Golden,Democratic,Maine House of Representatives,"University of Maine, FarmingtonBates College (BA)",2019,Lewiston,1982-07-25,39,Golden,/151420/jared-golden,1
179,Maryland 1,Andy Harris,Republican,Maryland State SenateAnesthesiologist,"Johns Hopkins University (BS, MD, MHS)",2011,Cockeysville,1957-01-25,64,Harris,/19157/andy-harris,1
180,Maryland 2,Dutch Ruppersberger,Democratic,Baltimore County ExecutiveChief of the Office of Investigative Division for Maryland's Department of JusticeBaltimore County Assistant State's Attorney,"Baltimore City CollegeUniversity of Maryland, College Park (BA)University of Baltimore (JD)",2003,Cockeysville,1946-01-31,75,Ruppersberger,/36130/dutch-ruppersberger,1
181,Maryland 3,John Sarbanes,Democratic,AttorneyLaw clerk,Princeton University (BA)Harvard University (JD),2007,Baltimore,1962-05-22,59,Sarbanes,/66575/john-sarbanes,1
182,Maryland 4,Anthony G. Brown,Democratic,Lieutenant Governor of MarylandMaryland House of Delegates,"Harvard University (BA, JD)",2017,Bowie,1961-11-21,60,Brown,/19344/anthony-brown,1
183,Maryland 5,Steny Hoyer,Democratic,President of the Maryland State SenateMaryland Board of Higher Education,"University of Maryland, College Park (BA)Georgetown University (JD)",1981 (special),Mechanicsville,1939-06-14,82,Hoyer,/26890/steny-hoyer,1
184,Maryland 6,David Trone,Democratic,Businessman,Furman University (BA)University of Pennsylvania (MBA),2019,Potomac,1955-09-21,66,Trone,/167336/david-trone,1
185,Maryland 7,Kweisi Mfume,Democratic,Baltimore City Council U.S. House President of the NAACP,Baltimore City Community CollegeMorgan State University (BA)Johns Hopkins University (MA),2020 (special),Baltimore,1948-10-24,73,Mfume,/26892/kweisi-mfume,1
186,Maryland 8,Jamie Raskin,Democratic,Maryland State Senate Majority Whip,"Harvard University (BA, JD)",2017,Takoma Park,1962-12-13,59,Raskin,/65904/jamie-raskin,1
187,Massachusetts 1,Richard Neal,Democratic,Mayor of Springfield,Holyoke Community CollegeAmerican International College (BA)University of Hartford (MA),1989,Springfield,1949-02-14,72,Neal,/26895/richard-neal,1
188,Massachusetts 2,Jim McGovern,Democratic,Congressional staff member,"American University (BA, MPA)",1997,Worcester,1959-11-20,62,McGovern,/552/jim-mcgovern,1
189,Massachusetts 3,Lori Trahan,Democratic,"Businesswoman, Chief of Staff to Rep. Marty Meehan",Georgetown University (BA),2019,Westford,1973-10-27,48,Trahan,/182310/lori-trahan,0
190,Massachusetts 4,Jake Auchincloss,Democratic,Newton City Council,Harvard University (BA)Massachusetts Institute of Technology (MBA),2021,Newton,1988-01-29,33,Auchincloss,/173832/jake-auchincloss,1
191,Massachusetts 5,Katherine Clark,Democratic,Massachusetts SenateMassachusetts House of RepresentativesAttorney,St. Lawrence University (BA)Cornell University (JD)Harvard University (MPA),2013 (special),Melrose,1963-07-17,58,Clark,/35858/katherine-clark,0
192,Massachusetts 6,Seth Moulton,Democratic,BusinessmanActivistU.S. Marine Corps Captain,"Harvard University (BS, MBA, MPP)",2015,Salem,1978-10-24,43,Moulton,/146299/seth-moulton,1
193,Massachusetts 7,Ayanna Pressley,Democratic,Boston City Council,Boston University,2019,Boston,1974-02-03,47,Pressley,/122700/ayanna-pressley,0
194,Massachusetts 8,Stephen F. Lynch,Democratic,Massachusetts SenateMassachusetts House of Representatives,Wentworth Institute of Technology (BS)Boston College (JD)Harvard University (MPA),2001 (special),Boston,1955-03-31,66,Lynch,/4844/stephen-lynch,1
195,Massachusetts 9,Bill Keating,Democratic,Massachusetts House of RepresentativesMassachusetts SenateNorfolk County District Attorney,"Boston College (BA, MBA)Suffolk University (JD)",2011,Bourne,1952-09-06,69,Keating,/4743/bill-keating,1
196,Michigan 1,Jack Bergman,Republican,U.S. Marine Corps Lieutenant General,Gustavus Adolphus College (BA)University of West Florida (MBA),2017,Watersmeet,1947-02-02,74,Bergman,/170172/jack-bergman,1
197,Michigan 2,Bill Huizenga,Republican,Michigan House of Representatives,Calvin College (BA),2011,Holland,1969-01-31,52,Huizenga,/38351/bill-huizenga,1
198,Michigan 3,Peter Meijer,Republican,Businessman,United States Military AcademyColumbia University (BA)New York University (MBA),2021,Grand Rapids,1988-01-10,33,Meijer,/191586/peter-meijer,1
199,Michigan 4,John Moolenaar,Republican,Michigan SenateMichigan House of Representatives,Hope College (BS)Harvard University (MPA),2015,Midland,1961-05-08,60,Moolenaar,/37676/john-moolenaar,1
200,Michigan 5,Dan Kildee,Democratic,Genesee County Treasurer,University of Michigan–FlintCentral Michigan University (BS),2013,Flushing,1958-08-11,63,Kildee,/136102/dan-kildee,1
201,Michigan 6,Fred Upton,Republican,U.S. government administrator,University of Michigan (BA),1987,St. Joseph,1953-04-23,68,Upton,/26906/fred-upton,1
202,Michigan 7,Tim Walberg,Republican,U.S. HouseMichigan House of Representatives,"Western Illinois UniversityMoody Bible InstituteTaylor University (BA)Wheaton College, Illinois (MA)",2011,Tipton,1951-04-12,70,Walberg,/8618/tim-walberg,1
203,Michigan 8,Elissa Slotkin,Democratic,Assistant Secretary of Defense for International Security Affairs,Cornell University (BA)Columbia University (MA),2019,Holly,1976-07-10,45,Slotkin,/181080/elissa-slotkin,0
204,Michigan 9,Andy Levin,Democratic,Attorney,"Williams College (BA)University of Michigan, Ann Arbor (MA)Harvard University (JD)",2019,Bloomfield,1960-08-10,61,Levin,/66287/andy-levin,1
205,Michigan 10,Lisa McClain,Republican,Businesswoman,Lansing Community CollegeNorthwood University (BA),2021,Bruce,1966-04-07,55,McClain,/191633/lisa-mcclain,0
206,Michigan 11,Haley Stevens,Democratic,Presidential Task Force on the Auto Industry,"American University (BA, MA)",2019,Rochester Hills,1983-06-24,38,Stevens,/181092/haley-stevens,0
207,Michigan 12,Debbie Dingell,Democratic,Lobbyist,"Georgetown University (BS, MS)",2015,Dearborn,1953-11-23,68,Dingell,/152482/debbie-dingell,0
208,Michigan 13,Rashida Tlaib,Democratic,Michigan House of Representatives,Wayne State University (BA)Thomas M. Cooley Law School (JD),2019,Detroit,1976-07-24,45,Tlaib,/105368/rashida-tlaib,0
209,Michigan 14,Brenda Lawrence,Democratic,Mayor of Southfield,University of Detroit MercyCentral Michigan University (BA),2015,Southfield,1954-10-18,67,Lawrence,/78851/brenda-lawrence,0
210,Minnesota 1,Jim Hagedorn,Republican,"Director for Legislative and Public Affairs for the Financial Management Service, United States Department of the TreasuryCongressional Affairs Officer, Bureau of Engraving and Printing",George Mason University (BA),2019,Blue Earth,1962-08-04,59,Hagedorn,/146027/jim-hagedorn,1
211,Minnesota 2,Angie Craig,Democratic,Medical technology executiveReporter,University of Memphis (BA),2019,Eagan,1972-02-14,49,Craig,/166261/angie-craig,0
212,Minnesota 3,Dean Phillips,Democratic,Businessman,Brown University (BA)University of Minnesota (MBA),2019,Deephaven,1969-01-20,52,Phillips,/181357/dean-phillips,1
213,Minnesota 4,Betty McCollum,Democratic,North St. Paul City CouncilMinnesota House of Representatives,St. Catherine University (BA),2001,Saint Paul,1954-07-12,67,McCollum,/3812/betty-mccollum,0
214,Minnesota 5,Ilhan Omar,Democratic,Minnesota House of Representatives,North Dakota State University (BA),2019,Minneapolis,1982-10-04,39,Omar,/171628/ilhan-omar,0
215,Minnesota 6,Tom Emmer,Republican,Minnesota House of Representatives,Boston CollegeUniversity of Alaska Fairbanks (BA)William Mitchell College of Law (JD),2015,Delano,1961-03-03,60,Emmer,/38894/tom-emmer,1
216,Minnesota 7,Michelle Fischbach,Republican,Lieutenant Governor of Minnesota  President of the Minnesota Senate  Minnesota Senate,St. Cloud State University (BA)William Mitchell College of Law (JD),2021,Regal,1965-11-03,56,Fischbach,/3882/michelle-fischbach,0
217,Minnesota 8,Pete Stauber,Republican,St. Louis County Commission  Police lieutenant  Professional hockey player,Lake Superior State University (BA),2019,Hermantown,1966-05-10,55,Stauber,/159954/peter-stauber,1
218,Mississippi 1,Trent Kelly,Republican,"District attorney,Tupelo City prosecutorArmy National Guard Colonel","East Central Community CollegeUniversity of Mississippi (BA, JD)United States Army War College (MA)",2015 (special),Saltillo,1966-03-01,55,Kelly,/156389/trent-kelly,1
219,Mississippi 2,Bennie Thompson,Democratic,Alderman and Mayor of BoltonHinds County Board of Supervisors,Tougaloo College (BA)Jackson State University (MS),1993 (special),Bolton,1948-01-28,73,Thompson,/26929/bennie-thompson,1
220,Mississippi 3,Michael Guest,Republican,District Attorney for Madison and Rankin Counties,Mississippi State University (BS)University of Mississippi (JD),2019,Brandon,1970-02-04,51,Guest,/179667/michael-guest,1
221,Mississippi 4,Steven Palazzo,Republican,Mississippi House of Representatives,"University of Southern Mississippi (BA, MPA)",2011,Biloxi,1970-02-21,51,Palazzo,/69521/steven-palazzo,1
222,Missouri 1,Cori Bush,Democratic,Registered nurse  Pastor  Activist,Lutheran School of Nursing (GrDip),2021,St. Louis,1976-07-21,45,Bush,/169020/cori-bush,0
223,Missouri 2,Ann Wagner,Republican,U.S. Ambassador to Luxembourg,University of Missouri (BS),2013,Ballwin,1962-09-13,59,Wagner,/136083/ann-wagner,0
224,Missouri 3,Blaine Luetkemeyer,Republican,Missouri House of RepresentativesState Tourism Director,"Lincoln University, Missouri (BA)",2009,St. Elizabeth,1952-05-07,69,Luetkemeyer,/20400/blaine-luetkemeyer,1
225,Missouri 4,Vicky Hartzler,Republican,Missouri House of Representatives,University of Missouri (BS)University of Central Missouri (MS),2011,Harrisonville,1960-10-13,61,Hartzler,/8783/vicky-hartzler,0
226,Missouri 5,Emanuel Cleaver,Democratic,Mayor of Kansas CityPastorRadio show host,Prairie View A&M University (BS)Saint Paul School of Theology (MDiv),2005,Kansas City,1944-10-26,77,Cleaver,/39507/emanuel-cleaver-ii,1
227,Missouri 6,Sam Graves,Republican,Missouri Senate,University of Missouri (BS),2001,Tarkio,1963-11-07,58,Graves,/9425/sam-graves,1
228,Missouri 7,Billy Long,Republican,Auctioneer,University of Missouri,2011,Springfield,1955-08-11,66,Long,/123401/billy-long,1
229,Missouri 8,Jason Smith,Republican,Missouri House of Representatives,University of Missouri (BS)Oklahoma City University (JD),2013 (special),Salem,1980-06-16,41,Smith,/59318/jason-smith,1
230,Montana at-large,Matt Rosendale,Republican,Montana State AuditorMontana SenateMontana House of Representatives,-,2021,Glendive,1960-07-07,61,Rosendale,/120815/matt-rosendale,1
231,Nebraska 1,Jeff Fortenberry,Republican,Lincoln city councilBusinessman,Louisiana State University (BA)Georgetown University (MPP)Franciscan University (ThM),2005,Lincoln,1960-12-27,61,Fortenberry,/41929/jeff-fortenberry,1
232,Nebraska 2,Don Bacon,Republican,U.S. Air Force Brigadier General,Northern Illinois University (BA)University of Phoenix (MBA)National Defense University (MA),2017,Papillion,1963-08-16,58,Bacon,/166299/donald-bacon,1
233,Nebraska 3,Adrian Smith,Republican,Nebraska LegislatureGering City Council,Liberty UniversityUniversity of Nebraska–Lincoln (BA),2007,Gering,1970-12-19,51,Smith,/21284/adrian-smith,1
234,Nevada 1,Dina Titus,Democratic,U.S. HouseNevada Senate,College of William & Mary (BA)University of Georgia (MA)Florida State University (PhD),2013,Las Vegas,1950-05-23,71,Titus,/2629/dina-titus,0
235,Nevada 2,Mark Amodei,Republican,Nevada SenateNevada Assembly,"University of Nevada, Reno (BA)University of the Pacific (JD)",2011 (special),Carson City,1958-06-12,63,Amodei,/12537/mark-amodei,1
236,Nevada 3,Susie Lee,Democratic,Education advocate,"Carnegie Mellon University (BA, MS)",2019,Las Vegas,1966-11-07,55,Lee,/169344/susie-lee,0
237,Nevada 4,Steven Horsford,Democratic,U.S. HouseNevada Senate,"University of Nevada, Reno (BA)",2019,Las Vegas,1973-04-29,48,Horsford,/44064/steven-horsford,1
238,New Hampshire 1,Chris Pappas,Democratic,New Hampshire Executive CouncilTreasurer of Hillsborough CountyNew Hampshire House of Representatives,Harvard University (BA),2019,Manchester,1980-06-04,41,Pappas,/42635/chris-pappas,1
239,New Hampshire 2,Ann McLane Kuster,Democratic,AttorneyLobbyist,Dartmouth College (BA)Georgetown University (JD),2013,Hopkinton,1956-09-05,65,Kuster,/122256/ann-kuster,1
240,New Jersey 1,Donald Norcross,Democratic,New Jersey SenateNew Jersey General Assembly,Camden County College,2014 (special),Camden,1958-12-13,63,Norcross,/116277/donald-norcross,1
241,New Jersey 2,Jeff Van Drew,Republican,New Jersey SenateNew Jersey General Assembly,"Rutgers University, New Brunswick (BS)Fairleigh Dickinson University (DMD)",2019,Dennis Township,1953-02-23,68,Drew,/24685/jeff-van-drew,1
242,New Jersey 3,Andy Kim,Democratic,National security adviser,"Deep Springs CollegeUniversity of Chicago (BA)Magdalen College, Oxford (MPhil, DPhil)",2019,Bordentown,1982-07-12,39,Kim,/179640/andy-kim,1
243,New Jersey 4,Chris Smith,Republican,Retail executive,The College of New Jersey (BS),1981,Hamilton Township,1953-03-04,68,Smith,/26952/chris-smith,1
244,New Jersey 5,Josh Gottheimer,Democratic,AttorneyPolitical aide,"University of Pennsylvania (BA)Pembroke College, OxfordHarvard University (JD)",2017,Wyckoff,1975-03-08,46,Gottheimer,/169202/joshua-gottheimer,1
245,New Jersey 6,Frank Pallone,Democratic,New Jersey SenateLong Branch City Council,Middlebury College (BA)Tufts University (MA)Rutgers University–Camden (JD),1988 (special),Long Branch,1951-10-30,70,Pallone,/26951/frank-pallone-jr,1
246,New Jersey 7,Tom Malinowski,Democratic,"Assistant Secretary of State for Democracy, Human Rights, and Labor","University of California, Berkeley (BA)St Antony's College, Oxford (MPhil)",2019,Rocky Hill,1965-10-23,56,Malinowski,/179645/tom-malinowski,1
247,New Jersey 8,Albio Sires,Democratic,Mayor of West New YorkNew Jersey General Assembly,Saint Peter's University (BA)Middlebury College (MA),2006 (special),West New York,1951-01-26,70,Sires,/22510/albio-sires,1
248,New Jersey 9,Bill Pascrell,Democratic,New Jersey General AssemblyMayor of Paterson,"Fordham University (BA, MA)",1997,Paterson,1937-01-25,84,Pascrell,/478/bill-pascrell-jr,1
249,New Jersey 10,Donald Payne Jr.,Democratic,Newark Municipal CouncilEssex County Freeholder,Kean University,2012 (special),Newark,1958-12-17,63,Payne,/90668/don-payne-jr,1
250,New Jersey 11,Mikie Sherrill,Democratic,Assistant United States Attorney for the District of New JerseyU.S. Navy helicopter pilot,United States Naval Academy (BS)London School of Economics (MSc)Georgetown University (JD),2019,Montclair,1972-01-19,49,Sherrill,/179651/mikie-sherrill,0
251,New Jersey 12,Bonnie Watson Coleman,Democratic,New Jersey General Assembly,Rutgers UniversityThomas Edison State University (BA),2015,Ewing Township,1945-02-06,76,Coleman,/24799/bonnie-watson-coleman,1
252,New Mexico 2,Yvette Herrell,Republican,New Mexico House of Representatives,ITT Technical Institute (GrCert),2021,Alamogordo,1964-03-16,57,Herrell,/121681/yvette-herrell,0
253,New Mexico 3,Teresa Leger Fernandez,Democratic,Attorney,Yale University (BA)Stanford University (JD),2021,Santa Fe,1959-07-01,62,Fernandez,/189882/teresa-fernandez,0
254,New York 1,Lee Zeldin,Republican,New York Senate,"University at Albany, SUNY (BA)Union University, New York (JD)",2015,Shirley,1980-01-30,41,Zeldin,/110252/lee-zeldin,1
255,New York 2,Andrew Garbarino,Republican,New York State Assembly,George Washington University (BA)Hofstra University (JD),2021,Sayville,1984-09-27,37,Garbarino,/143103/andrew-garbarino,1
256,New York 3,Thomas Suozzi,Democratic,County Executive of Nassau CountyMayor of Glen Cove,Boston College (BA)Fordham University (JD),2017,Glen Cove,1962-08-31,59,Suozzi,/92111/thomas-suozzi,1
257,New York 4,Kathleen Rice,Democratic,District Attorney of Nassau County,Catholic University of America (BA)Touro College (JD),2015,Garden City,1965-02-15,56,Rice,/127653/kathleen-rice,0
258,New York 5,Gregory Meeks,Democratic,New York State Assembly,Adelphi University (BA)Howard University (JD),1998 (special),Queens,1953-09-25,68,Meeks,/4360/gregory-meeks,1
259,New York 6,Grace Meng,Democratic,New York State Assembly,University of Michigan (BA)Yeshiva University (JD),2013,Queens,1975-10-01,46,Meng,/69157/grace-meng,0
260,New York 7,Nydia Velázquez,Democratic,"Director, Dept. of Puerto Rican Community Affairs","University of Puerto Rico, Río Piedras (BA)New York University (MA)",1993,Brooklyn,1953-03-28,68,Velázquez,/26975/nydia-velazquez,0
261,New York 8,Hakeem Jeffries,Democratic,New York State Assembly,Binghamton University (BA)Georgetown University (MPP)New York University (JD),2013,Brooklyn,1970-08-04,51,Jeffries,/55285/hakeem-jeffries,1
262,New York 9,Yvette Clarke,Democratic,New York City Council,Oberlin CollegeMedgar Evers College,2007,Brooklyn,1964-11-21,57,Clarke,/44741/yvette-clarke,0
263,New York 10,Jerry Nadler,Democratic,New York State Assembly,Columbia University (BA)Fordham University (JD),1992 (special),Manhattan,1947-06-13,74,Nadler,/26980/jerry-nadler,1
264,New York 11,Nicole Malliotakis,Republican,New York State Assembly,Seton Hall University (BA)Wagner College (MBA),2021,Staten Island,1980-11-11,41,Malliotakis,/127929/nicole-malliotakis,0
265,New York 12,Carolyn Maloney,Democratic,New York City Council,Greensboro College (BA),1993,Manhattan,1946-02-19,75,Maloney,/26978/carolyn-maloney,0
266,New York 13,Adriano Espaillat,Democratic,New York State SenateNew York State Assembly,"Queens College, City University of New York (BA)",2017,Manhattan,1954-09-27,67,Espaillat,/14379/adriano-espaillat,1
267,New York 14,Alexandria Ocasio-Cortez,Democratic,BartenderPresidential Campaign staffer,Boston University (BA),2019,The Bronx,1989-10-13,32,Ocasio-Cortez,/180416/alexandria-ocasio-cortez,0
268,New York 15,Ritchie Torres,Democratic,New York City Council,New York University,2021,The Bronx,1988-03-12,33,Torres,/161718/ritchie-torres,1
269,New York 16,Jamaal Bowman,Democratic,Middle school principal,University of New Haven (BA)Mercy College (MA)Manhattanville College (EdD),2021,Yonkers,1976-04-01,45,Bowman,/191205/jamaal-bowman,1
270,New York 17,Mondaire Jones,Democratic,Attorney,Stanford University (BA)Harvard University (JD),2021,Nyack,1987-05-18,34,Jones,/191209/mondaire-jones,1
271,New York 18,Sean Patrick Maloney,Democratic,Attorney,"Georgetown UniversityUniversity of Virginia (BA, JD)",2013,Cold Spring,1966-07-30,55,Maloney,/139760/sean-maloney,1
272,New York 19,Antonio Delgado,Democratic,Attorney,"Colgate University (BA)Queen's College, OxfordHarvard University (JD)",2019,Rhinebeck,1977-01-28,44,Delgado,/180313/antonio-delgado,1
273,New York 20,Paul Tonko,Democratic,New York State Assembly,Clarkson University (BS),2009,Amsterdam,1949-06-18,72,Tonko,/4403/paul-tonko,1
274,New York 21,Elise Stefanik,Republican,Civil servantPolitical activist,Harvard University (BA),2015,Schuylerville,1984-07-02,37,Stefanik,/152539/elise-stefanik,0
275,New York 22,Claudia Tenney,Republican,U.S. HouseNew York State Assembly,Colgate University (BA)University of Cincinnati (JD),2021, New Hartford,1961-02-04,60,Tenney,/127668/claudia-tenney,0
276,New York 23,Tom Reed,Republican,Mayor of Corning,Alfred University (BA)Ohio Northern University (JD),2010 (special),Corning,1971-11-18,50,Reed,/127046/tom-reed-ii,1
277,New York 24,John Katko,Republican,"Attorney, Prosecutor U.S. Attorney's Office",Niagara University (BA)Syracuse University (JD),2015,Syracuse,1962-11-09,59,Katko,/152546/john-katko,1
278,New York 25,Joseph Morelle,Democratic,New York State Assembly,State University of New York at Geneseo (BA),2018 (special),Irondequoit,1957-04-29,64,Morelle,/4362/joe-morelle,1
279,New York 26,Brian Higgins,Democratic,Buffalo Common CouncilNew York State Assembly,"Buffalo State College (BA, MA)Harvard University (MPA)",2005,Buffalo,1959-10-06,62,Higgins,/23127/brian-higgins,1
280,New York 27,Chris Jacobs,Republican,New York State SenateSecretary of State of New YorkErie County Clerk,Boston College (BA)American University (MA)University at Buffalo (JD),2020 (special),Orchard Park,1966-11-28,55,Jacobs,/59772/chris-jacobs,1
281,North Carolina 1,G. K. Butterfield,Democratic,North Carolina Supreme Court Justice,"North Carolina Central University (BA, JD)",2004 (special),Wilson,1947-04-27,74,Butterfield,/41077/gk-butterfield-jr,1
282,North Carolina 2,Deborah Ross,Democratic,North Carolina House of Representatives,Brown University (AB)University of North Carolina at Chapel Hill (JD),2021,Raleigh,1963-06-20,58,Ross,/41560/deborah-ross,0
283,North Carolina 3,Greg Murphy,Republican,North Carolina House of Representatives,Davidson College (BA)University of North Carolina at Chapel Hill (MD),2019 (special),Greenville,1963-03-05,58,Murphy,/166135/greg-murphy,1
284,North Carolina 4,David Price,Democratic,U.S. HouseCollege professor,"Mars Hill UniversityUniversity of North Carolina at Chapel Hill (BA)Yale University (BDiv, PhD)",1997,Chapel Hill,1940-08-17,81,Price,/119/david-price,1
285,North Carolina 5,Virginia Foxx,Republican,North Carolina Senate,"University of North Carolina at Chapel Hill (BA)University of North Carolina at Greensboro (MA, EdD)",2005,Banner Elk,1943-06-29,78,Foxx,/6051/virginia-foxx,0
286,North Carolina 6,Kathy Manning,Democratic,Attorney,Harvard University (AB)University of Michigan (JD),2021,Greensboro,1956-12-03,65,Manning,/178304/kathy-manning,0
287,North Carolina 7,David Rouzer,Republican,North Carolina Senate,North Carolina State University (BS),2015,Wilmington,1972-02-16,49,Rouzer,/102964/david-rouzer,1
288,North Carolina 8,Richard Hudson,Republican,Businessman,University of North Carolina at Charlotte (BA),2013,Concord,1971-11-04,50,Hudson,/136448/richard-hudson-jr,1
289,North Carolina 9,Dan Bishop,Republican,North Carolina SenateNorth Carolina House of Representatives Mecklenburg County Commission,"University of North Carolina at Chapel Hill (BS, JD)",2019 (special),Charlotte,1964-07-01,57,Bishop,/92423/dan-bishop,1
290,North Carolina 10,Patrick McHenry,Republican,North Carolina House of Representatives,North Carolina State UniversityBelmont Abbey College (BA),2005,Lake Norman,1975-10-22,46,McHenry,/21031/patrick-mchenry,1
291,North Carolina 11,Madison Cawthorn,Republican,Congressional staffer[58] Restaurant worker[59],Patrick Henry College,2021,Hendersonville,1995-08-01,26,Cawthorn,/188527/david-cawthorn,1
292,North Carolina 12,Alma Adams,Democratic,North Carolina House of Representatives,"North Carolina A&T State University (BS, MS)Ohio State University (PhD)",2014 (special),Charlotte,1946-05-27,75,Adams,/5935/alma-adams,0
293,North Carolina 13,Ted Budd,Republican,Businessman,Appalachian State University (BS)Dallas Theological Seminary (MA)Wake Forest University (MBA),2017,Advance,1971-10-21,50,Budd,/171489/ted-budd,1
294,North Dakota at-large,Kelly Armstrong,Republican,North Dakota SenateChair of the North Dakota Republican Party,"University of North Dakota (BA, JD)",2019,Dickinson,1976-10-08,45,Armstrong,/139338/kelly-armstrong,1
295,Ohio 1,Steve Chabot,Republican,Cincinnati City CouncilHamilton County CommissionerU.S. House,College of William & Mary (BA)Northern Kentucky University (JD),2011,Cincinnati,1953-01-22,68,Chabot,/21790/steve-chabot,1
296,Ohio 2,Brad Wenstrup,Republican,Physician,"University of Cincinnati (BA)Rosalind Franklin University (BS, DPM)",2013,Cincinnati,1958-06-17,63,Wenstrup,/135326/brad-wenstrup,1
297,Ohio 3,Joyce Beatty,Democratic,Ohio House of Representatives,Central State University (BA)Wright State University (MS)University of Cincinnati,2013,Columbus,1950-03-12,71,Beatty,/2427/joyce-beatty,0
298,Ohio 4,Jim Jordan,Republican,Ohio SenateOhio House of Representatives,University of Wisconsin–Madison (BS)Ohio State University (MA)Capital University (JD),2007,Urbana,1964-02-17,57,Jordan,/8158/jim-jordan,1
299,Ohio 5,Bob Latta,Republican,Wood County CommissionerOhio House of RepresentativesOhio Senate,Bowling Green State University (BA)University of Toledo (JD),2007,Bowling Green,1956-04-18,65,Latta,/9926/bob-latta,1
300,Ohio 6,Bill Johnson,Republican,United States Air Force,Troy University (BS)Georgia Institute of Technology (MS),2011,Marietta,1954-11-10,67,Johnson,/120649/bill-johnson,1
301,Ohio 7,Bob Gibbs,Republican,Ohio SenateOhio House of Representatives,"Ohio State University, Wooster",2011,Lakeville,1954-06-14,67,Gibbs,/45466/bob-gibbs,1
302,Ohio 8,Warren Davidson,Republican,Businessman,United States Military Academy (BS)University of Notre Dame (MBA),2016 (special),Troy,1970-03-01,51,Davidson,/166760/warren-davidson,1
303,Ohio 9,Marcy Kaptur,Democratic,"Domestic Policy Advisor, Carter Adm.",University of Wisconsin–Madison (BA)University of Michigan (MUP)Massachusetts Institute of Technology,1983,Toledo,1946-06-17,75,Kaptur,/27016/marcia-kaptur,0
304,Ohio 10,Mike Turner,Republican,Mayor of Dayton,Ohio Northern University (BA)Case Western Reserve University (JD)University of Dayton (MBA),2003,Dayton,1960-01-11,61,Turner,/45519/mike-turner,1
305,Ohio 12,Troy Balderson,Republican,Ohio Senate,Muskingum UniversityOhio State University,2018 (special),Zanesville,1962-01-16,59,Balderson,/102781/troy-balderson,1
306,Ohio 13,Tim Ryan,Democratic,Ohio Senate,"Youngstown State UniversityBowling Green State University (BA)University of New Hampshire, Concord (JD)",2003,Warren,1973-07-16,48,Ryan,/45638/tim-ryan,1
307,Ohio 14,David Joyce,Republican,Geauga County Prosecutor,"University of Dayton (BS, JD)",2013,Russell Township,1957-03-17,64,Joyce,/143052/dave-joyce,1
308,Ohio 15,Steve Stivers,Republican,Ohio Senate,"Ohio State University (BA, MBA)United States Army War College (MA)",2011,Columbus,1965-03-24,56,Stivers,/45333/steve-stivers,1
309,Ohio 16,Anthony Gonzalez,Republican,Football player,Ohio State University (BA)Stanford University (MBA),2019,Rocky River,1984-09-18,37,Gonzalez,/178867/anthony-gonzalez,1
310,Oklahoma 1,Kevin Hern,Republican,Businessman,"Arkansas Tech University (BS)Georgia Institute of TechnologyUniversity of Arkansas, Little Rock (MBA)",2018 (special),Tulsa,1961-12-04,60,Hern,/180004/kevin-hern,1
311,Oklahoma 2,Markwayne Mullin,Republican,Businessman,"Missouri Valley CollegeOklahoma State University, Okmulgee",2013,Westville,1977-07-26,44,Mullin,/135898/markwayne-mullin,1
312,Oklahoma 3,Frank Lucas,Republican,Oklahoma House of Representatives,Oklahoma State University–Stillwater (BS),1994 (special),Cheyenne,1960-01-06,61,Lucas,/27032/frank-lucas,1
313,Oklahoma 4,Tom Cole,Republican,Oklahoma SenateOklahoma Secretary of StateCollege professor,Grinnell College (BA)Yale University (MA)University of Oklahoma (PhD),2003,Moore,1949-04-28,72,Cole,/46034/tom-cole,1
314,Oklahoma 5,Stephanie Bice,Republican,Oklahoma Senate,"Oklahoma State University, Stillwater (BS)",2021,Oklahoma City,1973-11-11,48,Bice,/152294/stephanie-bice,0
315,Oregon 1,Suzanne Bonamici,Democratic,Oregon House of RepresentativesOregon State Senate,"Lane Community CollegeUniversity of Oregon (BA, JD)",2012 (special),Beaverton,1954-10-14,67,Bonamici,/59641/suzanne-bonamici,0
316,Oregon 2,Cliff Bentz,Republican,Oregon State Senate,Eastern Oregon University (BA)Lewis and Clark College (JD),2021,Ontario,1952-01-12,69,Bentz,/102400/cliff-bentz,1
317,Oregon 3,Earl Blumenauer,Democratic,Oregon House of Representatives  Multnomah County Commissioner  Portland City Commissioner,"Lewis & Clark College (BA, JD)",1996 (special),Portland,1948-08-16,73,Blumenauer,/367/earl-blumenauer,1
318,Oregon 4,Peter DeFazio,Democratic,Lane County Commissioner,Tufts University (BA)University of Oregon (MA),1987,Springfield,1947-05-27,74,DeFazio,/27037/peter-defazio,1
319,Oregon 5,Kurt Schrader,Democratic,VeterinarianOregon State Senate,"Cornell University (BA)University of Illinois at Urbana–Champaign (BS, DVM)",2009,Canby,1951-10-19,70,Schrader,/10813/kurt-schrader,1
320,Pennsylvania 1,Brian Fitzpatrick,Republican,FBI agentSpecial Assistant U.S. Attorney,"La Salle University (BS)Pennsylvania State University (MBA)Pennsylvania State University, Carlisle (JD)",2017,Levittown,1973-12-17,48,Fitzpatrick,/167708/brian-fitzpatrick,1
321,Pennsylvania 2,Brendan Boyle,Democratic,Pennsylvania House of Representatives,University of Notre Dame (BA)Harvard University (MPP),2015,Philadelphia,1977-02-06,44,Boyle,/47357/brendan-boyle,1
322,Pennsylvania 3,Dwight Evans,Democratic,Pennsylvania House of Representatives,Community College of Philadelphia (AA)La Salle University (BA),2016 (special),Philadelphia,1954-05-16,67,Evans,/9128/dwight-evans,1
323,Pennsylvania 4,Madeleine Dean,Democratic,Pennsylvania House of Representatives,La Salle University (BA)Widener University (JD),2019,Jenkintown,1959-06-06,62,Dean,/136484/madeleine-dean,0
324,Pennsylvania 5,Mary Gay Scanlon,Democratic,Attorney,Colgate University (BA)University of Pennsylvania (JD),2018 (special),Swarthmore,1959-08-30,62,Scanlon,/178890/mary-scanlon,0
325,Pennsylvania 6,Chrissy Houlahan,Democratic,EntrepreneurU.S. Air Force,Stanford University (BS)Massachusetts Institute of Technology (MS),2019,Devon,1967-06-05,54,Houlahan,/178893/chrissy-houlahan,0
326,Pennsylvania 7,Susan Wild,Democratic,Solicitor of Allentown,American University (BA)George Washington University (JD),2018 (special),Allentown,1957-06-07,64,Wild,/178895/susan-wild,0
327,Pennsylvania 8,Matt Cartwright,Democratic,Attorney,"Hamilton College, New York (BA)University of Pennsylvania (JD)",2013,Moosic,1961-05-01,60,Cartwright,/136236/matt-cartwright,1
328,Pennsylvania 9,Dan Meuser,Republican,Secretary of Revenue of Pennsylvania,State University of New York Maritime CollegeCornell University,2019,Dallas,1964-02-10,57,Meuser,/102438/dan-meuser,1
329,Pennsylvania 10,Scott Perry,Republican,Pennsylvania House of RepresentativesBusinessmanU.S. Army,Pennsylvania State University (BS)United States Army War College (MS),2013,Dillsburg,1962-05-27,59,Perry,/59980/scott-perry,1
330,Pennsylvania 11,Lloyd Smucker,Republican,Pennsylvania Senate,Lebanon Valley CollegeFranklin and Marshall College,2017,Lancaster,1964-01-23,57,Smucker,/102454/lloyd-smucker,1
331,Pennsylvania 12,Fred Keller,Republican,Pennsylvania House of Representatives,–,2019 (special),Middleburg,1965-10-23,56,Keller,/119553/fred-keller,1
332,Pennsylvania 13,John Joyce,Republican,Dermatologist,"Pennsylvania State University, AltoonaPennsylvania State University, University Park (BS)Temple University (MD)",2019,Hollidaysburg,1957-02-08,64,Joyce,/178911/john-joyce,1
333,Pennsylvania 14,Guy Reschenthaler,Republican,Pennsylvania SenateJudgeU.S. Navy,"Pennsylvania State University, Behrend (BA)Duquesne University (JD)",2019,Peters Township,1983-04-17,38,Reschenthaler,/166004/guy-reschenthaler,1
334,Pennsylvania 15,Glenn Thompson,Republican,Chair of the Centre County Republican Committee,Pennsylvania State University (BS)Temple University (MEd),2009,Howard,1959-07-27,62,Thompson,/24046/gt-thompson-jr,1
335,Pennsylvania 16,Mike Kelly,Republican,Butler City Council,University of Notre Dame (BA),2011,Butler,1948-05-10,73,Kelly,/119463/mike-kelly-jr,1
336,Pennsylvania 17,Conor Lamb,Democratic,Assistant U.S. Attorney for the Western District of PennsylvaniaU.S. Marine Corps,"University of Pennsylvania (BA, JD)",2018 (special),Mt. Lebanon,1984-06-27,37,Lamb,/177656/conor-lamb,1
337,Pennsylvania 18,Mike Doyle,Democratic,Pennsylvania State Senate Chief of Staff,Pennsylvania State University (BS),1995,Pittsburgh,1953-08-05,68,Doyle,/21853/mike-doyle-jr,1
338,Rhode Island 1,David Cicilline,Democratic,Mayor of ProvidenceRhode Island House of Representatives,Brown University (BA)Georgetown University (JD),2011,Providence,1961-07-15,60,Cicilline,/7349/david-cicilline,1
339,Rhode Island 2,James Langevin,Democratic,Secretary of State of Rhode IslandRhode Island House of Representatives,Rhode Island College (BA)Harvard University (MPA),2001,Warwick,1964-04-22,57,Langevin,/55787/jim-langevin,1
340,South Carolina 1,Nancy Mace,Republican,South Carolina House of Representatives,The Citadel (BS)University of Georgia (MS),2021,Charleston,1977-12-04,44,Mace,/146076/nancy-mace,0
341,South Carolina 2,Joe Wilson,Republican,South Carolina Senate,Washington and Lee University (BA)University of South Carolina (JD),2001 (special),Springdale,1947-07-31,74,Wilson,/3985/joe-wilson-sr,1
342,South Carolina 3,Jeff Duncan,Republican,South Carolina House of Representatives,Clemson University (BA),2011,Laurens,1966-01-07,55,Duncan,/47967/jeff-duncan,1
343,South Carolina 4,William Timmons,Republican,AttorneyEntrepreneur,"George Washington University (BA)University of South Carolina (MA, JD)",2019,Greenville,1984-04-30,37,Timmons,/168923/william-timmons,1
344,South Carolina 5,Ralph Norman,Republican,South Carolina House of RepresentativesReal estate developer,Presbyterian College (BS),2017 (special),Rock Hill,1953-06-20,68,Norman,/47930/ralph-norman-jr,1
345,South Carolina 6,Jim Clyburn,Democratic,Political aideTeacher,South Carolina State University (BA),1993,Columbia,1940-07-21,81,Clyburn,/27066/jim-clyburn,1
346,South Carolina 7,Tom Rice,Republican,AttorneyBusinessmanHorry County Council Chair,"University of South Carolina (BS, MA, JD)",2013,Myrtle Beach,1957-08-04,64,Rice,/132382/tom-rice,1
347,South Dakota at-large,Dusty Johnson,Republican,Chief of Staff to the Governor of South DakotaSouth Dakota Public Utilities Commission,University of South Dakota (BA)University of Kansas (MPA),2019,Mitchell,1976-09-30,45,Johnson,/48307/dusty-johnson,1
348,Tennessee 1,Diana Harshbarger,Republican,Pharmacist,East Tennessee State University (BS)Mercer University (PharmD),2021,Kingsport,1960-01-01,61,Harshbarger,/190524/diana-harshbarger,0
349,Tennessee 2,Tim Burchett,Republican,Mayor of Knox CountyTennessee SenateTennessee House of Representatives,"University of Tennessee,Knoxville (BS)",2019,Knoxville,1964-08-25,57,Burchett,/24379/tim-burchett,1
350,Tennessee 3,Chuck Fleischmann,Republican,Attorney,University of Illinois at Urbana–Champaign (BA)University of Tennessee (JD),2011,Chattanooga,1962-10-11,59,Fleischmann,/123456/chuck-fleischmann,1
351,Tennessee 4,Scott DesJarlais,Republican,Physician,"University of South Dakota (BS, MD)",2011,Sherwood,1964-02-21,57,DesJarlais,/123473/scott-desjarlais,1
352,Tennessee 5,Jim Cooper,Democratic,U.S. HouseCollege professor,"University of North Carolina at Chapel Hill (BA)Oriel College, Oxford (MA)Harvard University (JD)",2003,Nashville,1954-06-19,67,Cooper,/48891/jim-cooper,1
353,Tennessee 6,John Rose,Republican,Commissioner of Agriculture of Tennessee,"Tennessee Technological University (BS)Purdue University, West Lafayette (MS)Vanderbilt University (JD)",2019,Cookeville,1965-02-23,56,Rose,/180452/john-rose,1
354,Tennessee 7,Mark E. Green,Republican,Tennessee Senate,United States Military Academy (BS)University of Southern California (MA)Wright State University (MD),2019,Clarksville,1964-11-08,57,Green,/139030/mark-green,1
355,Tennessee 8,David Kustoff,Republican,Attorney for the United States District Court for the Western District of Tennessee,"University of Memphis (BA, JD)",2017,Germantown,1966-10-08,55,Kustoff,/48997/david-kustoff,1
356,Tennessee 9,Steve Cohen,Democratic,Tennessee SenateAttorney,Vanderbilt University (BA)University of Memphis (JD),2007,Memphis,1949-05-24,72,Cohen,/24340/steve-cohen,1
357,Texas 1,Louie Gohmert,Republican,Texas appeals court judge,Texas A&M University (BA)Baylor University (JD),2005,Tyler,1953-08-18,68,Gohmert,/50029/louie-gohmert,1
358,Texas 2,Dan Crenshaw,Republican,U.S. Navy SEAL,Tufts University (BA)Harvard University (MPA),2019,Houston,1984-03-14,37,Crenshaw,/177270/dan-crenshaw,1
359,Texas 3,Van Taylor,Republican,Texas SenateTexas House of Representatives,"Harvard University (BA, MBA)",2019,Plano,1972-08-01,49,Taylor,/147737/van-taylor,1
360,Texas 4,Pat Fallon,Republican,Texas SenateTexas House of RepresentativesUnited States Air Force second lieutenant,University of Notre Dame (BA),2021,Sherman,1967-12-19,54,Fallon,/115056/pat-fallon,1
361,Texas 5,Lance Gooden,Republican,Texas House of Representatives,"University of Texas, Austin (BA, BBA)",2019,Terrell,1982-12-01,39,Gooden,/116935/lance-gooden,1
362,Texas 7,Lizzie Pannill Fletcher,Democratic,Attorney,Kenyon College (BA)College of William and Mary (JD),2019,Houston,1975-02-13,46,Fletcher,/177031/lizzie-fletcher,1
363,Texas 8,Kevin Brady,Republican,Texas House of Representatives,University of South Dakota (BA),1997,The Woodlands,1955-04-11,66,Brady,/361/kevin-brady,1
364,Texas 9,Al Green,Democratic,Harris County Justice of the PeaceHouston NAACP president,Florida A&M UniversityTuskeegee University (BA)Texas Southern University (JD),2005,Houston,1947-09-01,74,Green,/49680/al-green,1
365,Texas 10,Michael McCaul,Republican,AttorneyFederal prosecutor,"Trinity University (BA)St. Mary's University, Texas (JD)",2005,Austin,1962-01-14,59,McCaul,/49210/michael-mccaul,1
366,Texas 11,August Pfluger,Republican,National Security CouncilUnited States Air Force Lieutenant colonel,United States Air Force Academy (BS) Embry–Riddle Aeronautical University (MS)  Air University (MS) Georgetown University (MS),2021,San Angelo,1978-12-28,43,Pfluger,/188165/august-pfluger,1
367,Texas 12,Kay Granger,Republican,Mayor of Fort Worth,Texas Wesleyan University (BA),1997,Fort Worth,1943-01-18,78,Granger,/334/kay-granger,0
368,Texas 13,Ronny Jackson,Republican,Chief Medical Advisor to the PresidentPhysician to the PresidentUnited States Navy Rear admiral,Texas A&M University (BS)University of Texas Medical Branch (MD),2021,Amarillo,1967-05-04,54,Jackson,/188325/ronny-jackson,1
369,Texas 14,Randy Weber,Republican,Texas House of RepresentativesPearland City Council,Alvin Community CollegeUniversity of Houston–Clear Lake (BS),2013,Friendswood,1953-07-02,68,Weber,/102026/randy-weber-sr,1
370,Texas 15,Vicente Gonzalez,Democratic,Food processing executiveTexas State Board of Education,Embry–Riddle Aeronautical University (BA)Texas Wesleyan University (JD),2017,McAllen,1967-09-04,54,Gonzalez,/166483/vicente-gonzalez,1
371,Texas 16,Veronica Escobar,Democratic,El Paso County CommissionEl Paso County Judge,"University of Texas, El Paso (BA)New York University (MA)",2019,El Paso,1969-09-15,52,Escobar,/99345/veronica-escobar,0
372,Texas 17,Pete Sessions,Republican,U.S. House,Southwestern University (BS),2021,Waco,1955-03-22,66,Sessions,/288/pete-sessions,1
373,Texas 18,Sheila Jackson Lee,Democratic,Houston City Council  Municipal judge,Yale University (BA)  University of Virginia (JD),1995,Houston,1950-01-12,71,Lee,/21692/sheila-jackson-lee,1
374,Texas 19,Jodey Arrington,Republican,EducatorPublic administratorWhite House aide,"Texas Tech University (BA, MPA)",2017,Lubbock,1972-03-09,49,Arrington,/155685/jodey-arrington,1
375,Texas 20,Joaquin Castro,Democratic,Texas House of Representatives,Stanford University (BA)Harvard University (JD),2013,San Antonio,1974-09-16,47,Castro,/49227/joaquin-castro,1
376,Texas 21,Chip Roy,Republican,First Assistant Attorney General of Texas,"University of Virginia (BS, MS)University of Texas, Austin (JD)",2019,Austin,1972-08-07,49,Roy,/177319/chip-roy,1
377,Texas 22,Troy Nehls,Republican,Sheriff of Fort Bend County,Liberty University (BA)University of Houston–Downtown (MA),2021,Richmond,1968-04-07,53,Nehls,/188334/troy-nehls,1
378,Texas 23,Tony Gonzales,Republican,United States Navy Master Chief Petty Officer,Chaminade University (AA)Excelsior College (BS)American Public University (MA),2021,San Antonio,1980-10-10,41,Gonzales,/188225/tony-gonzales,1
379,Texas 24,Beth Van Duyne,Republican,Mayor of Irving,Cornell University (BA),2021,Irving,1970-11-16,51,Duyne,/79150/beth-van-duyne,0
380,Texas 25,Roger Williams,Republican,Secretary of State of Texas,Texas Christian University (BA),2013,Austin,1949-09-13,72,Williams,/50112/roger-williams,1
381,Texas 26,Michael C. Burgess,Republican,Physician,"University of North Texas (BS, MS)University of Texas, Houston (MD)University of Texas at Dallas (MS)",2003,Pilot Point,1950-12-23,71,Burgess,/50120/michael-burgess,1
382,Texas 27,Michael Cloud,Republican,Chair of the Victoria County Republican Party,Oral Roberts University (BS),2018 (special),Victoria,1975-05-13,46,Cloud,/177350/michael-cloud,1
383,Texas 28,Henry Cuellar,Democratic,Texas House of RepresentativesTexas Secretary of State,"Laredo Community CollegeGeorgetown University (BA)University of Texas at Austin (JD, PhD)Texas A&M International University (MA)",2005,Laredo,1955-09-19,66,Cuellar,/5486/henry-cuellar,1
384,Texas 29,Sylvia Garcia,Democratic,Texas Senate,Texas Woman's University (BA)Texas Southern University (JD),2019,Houston,1950-09-06,71,Garcia,/49734/sylvia-garcia,0
385,Texas 30,Eddie Bernice Johnson,Democratic,Texas SenateNurse,"St Mary's College, IndianaTexas Christian University (BS)Southern Methodist University (MPA)",1993,Dallas,1935-12-03,86,Johnson,/27098/eddie-johnson,1
386,Texas 31,John Carter,Republican,Texas state district judge,Texas Tech University (BA)University of Texas at Austin (JD),2003,Round Rock,1941-11-06,80,Carter,/49296/john-carter,1
387,Texas 32,Colin Allred,Democratic,AttorneyFootball player,"Baylor University (BA)University of California, Berkeley (JD)",2019,Dallas,1983-04-15,38,Allred,/177357/colin-allred,1
388,Texas 33,Marc Veasey,Democratic,Texas House of Representatives,Texas Wesleyan University (BA),2013,Fort Worth,1971-01-03,50,Veasey,/49671/marc-veasey,1
389,Texas 34,Filemon Vela Jr.,Democratic,Attorney,Georgetown University (BA)University of Texas at Austin (JD),2013,Brownsville,1963-02-13,58,Vela,/137719/filemon-vela-jr,1
390,Texas 35,Lloyd Doggett,Democratic,Texas SenateTexas Supreme Court justiceCollege professor,"University of Texas at Austin (BA, JD)",1995,Austin,1946-10-06,75,Doggett,/21689/lloyd-doggett-ii,1
391,Texas 36,Brian Babin,Republican,Lower Neches Valley AuthorityTexas Historical CommissionMayor of Woodville,"Lamar University (BS)University of Texas, Houston (DDS)",2015,Woodville,1948-03-23,73,Babin,/360/brian-babin,1
392,Utah 1,Blake Moore,Republican,United States Foreign Service officer,University of Utah (BA)Northwestern University (MS),2021,Salt Lake City,1980-06-22,41,Moore,/191164/blake-moore,1
393,Utah 2,Chris Stewart,Republican,AuthorBusinessman,Utah State University (BA),2013,Farmington,1960-07-15,61,Stewart,/135930/chris-stewart,1
394,Utah 3,John Curtis,Republican,Mayor of Provo,Brigham Young University (BS),2017 (special),Provo,1960-05-10,61,Curtis,/123390/john-curtis,1
395,Utah 4,Burgess Owens,Republican,Businessman  National Football League player,University of Miami (BS),2021,Salt Lake City,1951-08-02,70,Owens,/191166/burgess-owens,1
396,Vermont at-large,Peter Welch,Democratic,Vermont Senate President Pro Tempore,"College of the Holy Cross (BA)University of California, Berkeley (JD)",2007,Norwich,1947-05-02,74,Welch,/51272/peter-welch,1
397,Virginia 1,Rob Wittman,Republican,Mayor of Montross  Westmoreland County Board of SupervisorsVirginia House of Delegates,Virginia Tech (BS)  University of North Carolina at Chapel Hill (MPH)  Virginia Commonwealth University (PhD),2007 (special),Montross,1959-02-03,62,Wittman,/58133/rob-wittman,1
398,Virginia 2,Elaine Luria,Democratic,U.S. Navy Commander,United States Naval Academy (BS)Old Dominion University (MS),2019,Norfolk,1975-08-15,46,Luria,/179677/elaine-luria,0
399,Virginia 3,Bobby Scott,Democratic,Virginia SenateVirginia House of Delegates,Harvard University (BA)Boston College (JD),1993,Newport News,1947-04-30,74,Scott,/27117/bobby-scott,1
400,Virginia 4,Donald McEachin,Democratic,Virginia SenateVirginia House of Delegates,American University (BA)University of Virginia (JD)Virginia Union University (MDiv),2017,Richmond,1961-10-10,60,McEachin,/8230/donald-mceachin,1
401,Virginia 5,Bob Good,Republican,Liberty University Athletic Director  Campbell County Board of Supervisors,"Liberty University (BS, MBA)",2021,Evington,1965-09-11,56,Good,/190745/bob-good,1
402,Virginia 6,Ben Cline,Republican,Virginia House of Delegates,Bates College (BA)University of Richmond (JD),2019,Rockbridge County,1972-02-29,49,Cline,/50959/ben-cline,1
403,Virginia 7,Abigail Spanberger,Democratic,CIA operations officer,University of Virginia (BA)Purdue University (MBA),2019,Glen Allen,1979-08-07,42,Spanberger,/179682/abigail-spanberger,0
404,Virginia 8,Don Beyer,Democratic,U.S. Ambassador to Switzerland and LiechtensteinLieutenant Governor of Virginia,Williams College (BA),2015,Alexandria,1950-06-20,71,Beyer,/1707/don-beyer-jr,1
405,Virginia 9,Morgan Griffith,Republican,Virginia House of Delegates,Emory and Henry College (BA)  Washington and Lee University (JD),2011,Salem,1958-03-15,63,Griffith,/5148/morgan-griffith,1
406,Virginia 10,Jennifer Wexton,Democratic,Virginia Senate,"University of Maryland, College Park (BA)College of William and Mary (JD)",2019,Leesburg,1968-05-27,53,Wexton,/147013/jennifer-wexton,0
407,Virginia 11,Gerry Connolly,Democratic,Fairfax County Board of Supervisors Chair,"Maryknoll College (Glen Ellyn, Illinois)[89] (BA)Harvard University (MPA)",2009,Fairfax,1950-03-30,71,Connolly,/95078/gerry-connolly,1
408,Washington 1,Suzan DelBene,Democratic,Washington Department of Revenue Director,Reed College (BS)University of Washington (MBA),2012 (special),Medina,1962-02-17,59,DelBene,/126272/suzan-delbene,0
409,Washington 2,Rick Larsen,Democratic,Snohomish County Council,Pacific Lutheran University (BA)University of Minnesota (MPA),2001,Everett,1965-06-15,56,Larsen,/56231/rick-larsen,1
410,Washington 3,Jaime Herrera Beutler,Republican,Washington House of Representatives,Bellevue CollegeUniversity of Washington (BA),2011,Battle Ground,1978-11-03,43,Beutler,/101907/jaime-herrera-beutler,1
411,Washington 4,Dan Newhouse,Republican,Washington House of Representatives,Washington State University (BS),2015,Sunnyside,1955-07-10,66,Newhouse,/51522/dan-newhouse,1
412,Washington 5,Cathy McMorris Rodgers,Republican,Washington House of Representatives,Pensacola Christian College (BA)University of Washington (MBA),2005,Spokane,1969-05-22,52,Rodgers,/3217/cathy-mcmorris-rodgers,1
413,Washington 6,Derek Kilmer,Democratic,Washington State Senate,"Princeton University (BA)University of Oxford (MA, PhD)",2013,Gig Harbor,1974-01-01,47,Kilmer,/51516/derek-kilmer,1
414,Washington 7,Pramila Jayapal,Democratic,Washington State Senate,Georgetown University (BA)Northwestern University (MBA),2017,Seattle,1965-09-21,56,Jayapal,/153141/pramila-jayapal,0
415,Washington 8,Kim Schrier,Democratic,Pediatrician,"University of California, Berkeley (BS)University of California, Davis (MD)",2019,Sammamish,1968-08-23,53,Schrier,/181124/kim-schrier,0
416,Washington 9,Adam Smith,Democratic,Washington State Senate,Western Washington UniversityFordham University (BA)University of Washington (JD),1997,Bellevue,1965-06-15,56,Smith,/845/adam-smith,1
417,Washington 10,Marilyn Strickland,Democratic,Mayor of Tacoma,University of Washington (BA)Clark Atlanta University (MBA),2021,Tacoma,1962-09-25,59,Strickland,/80596/marilyn-strickland,0
418,West Virginia 1,David McKinley,Republican,West Virginia House of DelegatesBusinessman,Purdue University (BS),2011,Wheeling,1947-03-28,74,McKinley,/117396/david-mckinley,1
419,West Virginia 2,Alex Mooney,Republican,Maryland Senate,Dartmouth College (BA),2015,Charles Town,1971-06-07,50,Mooney,/145943/alex-mooney,1
420,West Virginia 3,Carol Miller,Republican,West Virginia House of Delegates,"Columbia College, South Carolina (BA)",2019,Huntington,1950-11-04,71,Miller,/52123/carol-miller,0
421,Wisconsin 1,Bryan Steil,Republican,Congressional aideAttorney,Georgetown University (BS)University of Wisconsin–Madison (JD),2019,Janesville,1981-03-03,40,Steil,/181289/bryan-steil,1
422,Wisconsin 2,Mark Pocan,Democratic,Wisconsin State Assembly,University of Wisconsin–Madison (BA),2013,Vermont,1964-08-14,57,Pocan,/26238/mark-pocan,1
423,Wisconsin 3,Ron Kind,Democratic,County Prosecutor,Harvard University (BA)London School of Economics(MA)University of Minnesota (JD),1997,La Crosse,1963-03-16,58,Kind,/630/ron-kind,1
424,Wisconsin 4,Gwen Moore,Democratic,Wisconsin State SenateWisconsin State Assembly,Marquette University (BA),2005,Milwaukee,1951-04-18,70,Moore,/3457/gwen-moore,0
425,Wisconsin 5,Scott Fitzgerald,Republican,Wisconsin State Senate,University of Wisconsin–Oshkosh (BS),2021,Clyman,1963-11-16,58,Fitzgerald,/3446/scott-fitzgerald,1
426,Wisconsin 6,Glenn Grothman,Republican,Wisconsin SenateWisconsin State Assembly,"University of Wisconsin–Madison (BA, JD)",2015,Glenbeulah,1955-07-03,66,Grothman,/3493/glenn-grothman,1
427,Wisconsin 7,Tom Tiffany,Republican,Wisconsin SenateWisconsin State Assembly,University of Wisconsin–River Falls (BS),2020 (special),Minocqua,1957-12-30,64,Tiffany,/51831/tom-tiffany,1
428,Wisconsin 8,Mike Gallagher,Republican,Political advisorU.S. Marine Corps,"Princeton University (BA)National Intelligence University (MS)Georgetown University (MA, MS, PhD)",2017,Green Bay,1984-03-03,37,Gallagher,/171843/mike-gallagher,1
429,Wyoming at-large,Liz Cheney,Republican,Principal Deputy Assistant Secretary of State for Near Eastern Affairs,Colorado College (BA)University of Chicago (JD),2017,Wilson,1966-07-28,55,Cheney,/171319/liz-cheney,0
